name,prompt,negative_prompt
>>>>>>My Styles
Stickers - Horror,"sticker, {prompt}, style horror, black background <lora:add-detail-xl:0.8>","deformed, glitch, noisy, low contrast, paint, blurry, swirl, circle,"
>>>>>>My Characters
none yet: ," "," "
>>>>>> Generic Styles 
Style: Enhance,"breathtaking {prompt} . award-winning, professional, highly detailed","ugly, deformed, noisy, blurry, distorted, grainy"
Style: Anime,"anime artwork {prompt} . anime style, key visual, vibrant, studio anime, highly detailed","photo, deformed, black and white, realism, disfigured, low contrast"
Style: Photographic,"cinematic photo {prompt} . 35mm photograph, film, bokeh, professional, 4k, highly detailed","drawing, painting, crayon, sketch, graphite, impressionist, noisy, blurry, soft, deformed, ugly"
Style: Digital art,"concept art {prompt} . digital artwork, illustrative, painterly, matte painting, highly detailed","photo, photorealistic, realism, ugly"
Style: Comic book,"comic {prompt} . graphic illustration, comic art, graphic novel art, vibrant, highly detailed","photograph, deformed, glitch, noisy, realistic, stock photo"
Style: Fantasy art,"ethereal fantasy concept art of {prompt} . magnificent, celestial, ethereal, painterly, epic, majestic, magical, fantasy art, cover art, dreamy","photographic, realistic, realism, 35mm film, dslr, cropped, frame, text, deformed, glitch, noise, noisy, off-center, deformed, cross-eyed, closed eyes, bad anatomy, ugly, disfigured, sloppy, duplicate, mutated, black and white"
Style: Analog film,"analog film photo {prompt} . faded film, desaturated, 35mm photo, grainy, vignette, vintage, Kodachrome, Lomography, stained, highly detailed, found footage","painting, drawing, illustration, glitch, deformed, mutated, cross-eyed, ugly, disfigured"
Style: Neonpunk,"neonpunk style {prompt} . cyberpunk, vaporwave, neon, vibes, vibrant, stunningly beautiful, crisp, detailed, sleek, ultramodern, magenta highlights, dark purple shadows, high contrast, cinematic, ultra detailed, intricate, professional","painting, drawing, illustration, glitch, deformed, mutated, cross-eyed, ugly, disfigured"
Style: Isometric,"isometric style {prompt} . vibrant, beautiful, crisp, detailed, ultra detailed, intricate","deformed, mutated, ugly, disfigured, blur, blurry, noise, noisy, realistic, photographic"
Style: Lowpoly,"low-poly style {prompt} . low-poly game art, polygon mesh, jagged, blocky, wireframe edges, centered composition","noisy, sloppy, messy, grainy, highly detailed, ultra textured, photo"
Style: Origami,"origami style {prompt} . paper art, pleated paper, folded, origami art, pleats, cut and fold, centered composition","noisy, sloppy, messy, grainy, highly detailed, ultra textured, photo"
Style: Line art,"line art drawing {prompt} . professional, sleek, modern, minimalist, graphic, line art, vector graphics","anime, photorealistic, 35mm film, deformed, glitch, blurry, noisy, off-center, deformed, cross-eyed, closed eyes, bad anatomy, ugly, disfigured, mutated, realism, realistic, impressionism, expressionism, oil, acrylic"
Style: Craft clay,"play-doh style {prompt} . sculpture, clay art, centered composition, Claymation","sloppy, messy, grainy, highly detailed, ultra textured, photo"
Style: Cinematic,"cinematic film still {prompt} . shallow depth of field, vignette, highly detailed, high budget Hollywood movie, bokeh, cinemascope, moody, epic, gorgeous, film grain, grainy","anime, cartoon, graphic, text, painting, crayon, graphite, abstract, glitch, deformed, mutated, ugly, disfigured"
Style: 3d-model,"professional 3d model {prompt} . octane render, highly detailed, volumetric, dramatic lighting","ugly, deformed, noisy, low poly, blurry, painting"
Style: pixel art,"pixel-art {prompt} . low-res, blocky, pixel art style, 8-bit graphics","sloppy, messy, blurry, noisy, highly detailed, ultra textured, photo, realistic"
Style: Texture,"texture {prompt} top down close-up","ugly, deformed, noisy, blurry"
>>>>>> StyleSelectorXL Styles 
Style: 3D Model,"professional 3d model {prompt} . octane render, highly detailed, volumetric, dramatic lighting","ugly, deformed, noisy, low poly, blurry, painting"
Style: Analog Film,"analog film photo {prompt} . faded film, desaturated, 35mm photo, grainy, vignette, vintage, Kodachrome, Lomography, stained, highly detailed, found footage","painting, drawing, illustration, glitch, deformed, mutated, cross-eyed, ugly, disfigured"
Style: Anime,"anime artwork {prompt} . anime style, key visual, vibrant, studio anime,  highly detailed","photo, deformed, black and white, realism, disfigured, low contrast"
Style: Cinematic,"cinematic film still {prompt} . shallow depth of field, vignette, highly detailed, high budget, bokeh, cinemascope, moody, epic, gorgeous, film grain, grainy","anime, cartoon, graphic, text, painting, crayon, graphite, abstract, glitch, deformed, mutated, ugly, disfigured"
Style: Comic Book,"comic {prompt} . graphic illustration, comic art, graphic novel art, vibrant, highly detailed","photograph, deformed, glitch, noisy, realistic, stock photo"
Style: Craft Clay,"play-doh style {prompt} . sculpture, clay art, centered composition, Claymation","sloppy, messy, grainy, highly detailed, ultra textured, photo"
Style: Digital Art,"concept art {prompt} . digital artwork, illustrative, painterly, matte painting, highly detailed","photo, photorealistic, realism, ugly"
Style: Enhance,"breathtaking {prompt} . award-winning, professional, highly detailed","ugly, deformed, noisy, blurry, distorted, grainy"
Style: Fantasy Art,"ethereal fantasy concept art of  {prompt} . magnificent, celestial, ethereal, painterly, epic, majestic, magical, fantasy art, cover art, dreamy","photographic, realistic, realism, 35mm film, dslr, cropped, frame, text, deformed, glitch, noise, noisy, off-center, deformed, cross-eyed, closed eyes, bad anatomy, ugly, disfigured, sloppy, duplicate, mutated, black and white"
Style: Isometric Style,"isometric style {prompt} . vibrant, beautiful, crisp, detailed, ultra detailed, intricate","deformed, mutated, ugly, disfigured, blur, blurry, noise, noisy, realistic, photographic"
Style: Line Art,"line art drawing {prompt} . professional, sleek, modern, minimalist, graphic, line art, vector graphics","anime, photorealistic, 35mm film, deformed, glitch, blurry, noisy, off-center, deformed, cross-eyed, closed eyes, bad anatomy, ugly, disfigured, mutated, realism, realistic, impressionism, expressionism, oil, acrylic"
Style: Lowpoly,"low-poly style {prompt} . low-poly game art, polygon mesh, jagged, blocky, wireframe edges, centered composition","noisy, sloppy, messy, grainy, highly detailed, ultra textured, photo"
Style: Neon Punk,"neonpunk style {prompt} . cyberpunk, vaporwave, neon, vibes, vibrant, stunningly beautiful, crisp, detailed, sleek, ultramodern, magenta highlights, dark purple shadows, high contrast, cinematic, ultra detailed, intricate, professional","painting, drawing, illustration, glitch, deformed, mutated, cross-eyed, ugly, disfigured"
Style: Origami,"origami style {prompt} . paper art, pleated paper, folded, origami art, pleats, cut and fold, centered composition","noisy, sloppy, messy, grainy, highly detailed, ultra textured, photo"
Style: Photographic,"cinematic photo {prompt} . 35mm photograph, film, bokeh, professional, 4k, highly detailed","drawing, painting, crayon, sketch, graphite, impressionist, noisy, blurry, soft, deformed, ugly"
Style: Pixel Art,"pixel-art {prompt} . low-res, blocky, pixel art style, 8-bit graphics","sloppy, messy, blurry, noisy, highly detailed, ultra textured, photo, realistic"
Style: Texture,texture {prompt} top down close-up,"ugly, deformed, noisy, blurry"
Style: Advertising,"Advertising poster style {prompt} . Professional, modern, product-focused, commercial, eye-catching, highly detailed","noisy, blurry, amateurish, sloppy, unattractive"
Style: Food Photography,"Food photography style {prompt} . Appetizing, professional, culinary, high-resolution, commercial, highly detailed","unappetizing, sloppy, unprofessional, noisy, blurry"
Style: Real Estate,"Real estate photography style {prompt} . Professional, inviting, well-lit, high-resolution, property-focused, commercial, highly detailed","dark, blurry, unappealing, noisy, unprofessional"
Style: Abstract,"Abstract style {prompt} . Non-representational, colors and shapes, expression of feelings, imaginative, highly detailed","realistic, photographic, figurative, concrete"
Style: Cubist,"Cubist artwork {prompt} . Geometric shapes, abstract, innovative, revolutionary","anime, photorealistic, 35mm film, deformed, glitch, low contrast, noisy"
Style: Graffiti,"Graffiti style {prompt} . Street art, vibrant, urban, detailed, tag, mural","ugly, deformed, noisy, blurry, low contrast, realism, photorealistic"
Style: Hyperrealism,"Hyperrealistic art {prompt} . Extremely high-resolution details, photographic, realism pushed to extreme, fine texture, incredibly lifelike","simplified, abstract, unrealistic, impressionistic, low resolution"
Style: Impressionist,"Impressionist painting {prompt} . Loose brushwork, vibrant color, light and shadow play, captures feeling over form","anime, photorealistic, 35mm film, deformed, glitch, low contrast, noisy"
Style: Pointillism,"Pointillism style {prompt} . Composed entirely of small, distinct dots of color, vibrant, highly detailed","line drawing, smooth shading, large color fields, simplistic"
Style: Pop Art,"Pop Art style {prompt} . Bright colors, bold outlines, popular culture themes, ironic or kitsch","ugly, deformed, noisy, blurry, low contrast, realism, photorealistic, minimalist"
Style: Psychedelic,"Psychedelic style {prompt} . Vibrant colors, swirling patterns, abstract forms, surreal, trippy","monochrome, black and white, low contrast, realistic, photorealistic, plain, simple"
Style: Renaissance,"Renaissance style {prompt} . Realistic, perspective, light and shadow, religious or mythological themes, highly detailed","ugly, deformed, noisy, blurry, low contrast, modernist, minimalist, abstract"
Style: Steampunk,"Steampunk style {prompt} . Antique, mechanical, brass and copper tones, gears, intricate, detailed","deformed, glitch, noisy, low contrast, anime, photorealistic"
Style: Surrealist,"Surrealist art {prompt} . Dreamlike, mysterious, provocative, symbolic, intricate, detailed","anime, photorealistic, realistic, deformed, glitch, noisy, low contrast"
Style: Typography,"Typographic art {prompt} . Stylized, intricate, detailed, artistic, text-based","ugly, deformed, noisy, blurry, low contrast, realism, photorealistic"
Style: Watercolor,"Watercolor painting {prompt} . Vibrant, beautiful, painterly, detailed, textural, artistic","anime, photorealistic, 35mm film, deformed, glitch, low contrast, noisy"
Style: Fighting Game,"Fighting game style {prompt} . Dynamic, vibrant, action-packed, detailed character design, reminiscent of fighting video games","peaceful, calm, minimalist, photorealistic"
Style: GTA,"GTA-style artwork {prompt} . Satirical, exaggerated, pop art style, vibrant colors, iconic characters, action-packed","realistic, black and white, low contrast, impressionist, cubist, noisy, blurry, deformed"
Style: Super Mario,"Super Mario style {prompt} . Vibrant, cute, cartoony, fantasy, playful, reminiscent of Super Mario series","realistic, modern, horror, dystopian, violent"
Style: Minecraft,"Minecraft style {prompt} . Blocky, pixelated, vibrant colors, recognizable characters and objects, game assets","smooth, realistic, detailed, photorealistic, noise, blurry, deformed"
Style: Pokémon,"Pokémon style {prompt} . Vibrant, cute, anime, fantasy, reminiscent of Pokémon series","realistic, modern, horror, dystopian, violent"
Style: Retro Arcade,"Retro arcade style {prompt} . 8-bit, pixelated, vibrant, classic video game, old school gaming, reminiscent of 80s and 90s arcade games","modern, ultra-high resolution, photorealistic, 3D"
Style: Retro Game,"Retro game art {prompt} . 16-bit, vibrant colors, pixelated, nostalgic, charming, fun","realistic, photorealistic, 35mm film, deformed, glitch, low contrast, noisy"
Style: RPG Fantasy Game,"Role-playing game (RPG) style fantasy {prompt} . Detailed, vibrant, immersive, reminiscent of high fantasy RPG games","sci-fi, modern, urban, futuristic, low detailed"
Style: Strategy Game,"Strategy game style {prompt} . Overhead view, detailed map, units, reminiscent of real-time strategy video games","first-person view, modern, photorealistic"
Style: Street Fighter,"Street Fighter style {prompt} . Vibrant, dynamic, arcade, 2D fighting game, highly detailed, reminiscent of Street Fighter series","3D, realistic, modern, photorealistic, turn-based strategy"
Style: Legend of Zelda,"Legend of Zelda style {prompt} . Vibrant, fantasy, detailed, epic, heroic, reminiscent of The Legend of Zelda series","sci-fi, modern, realistic, horror"
Style: Architectural,"Architectural style {prompt} . Clean lines, geometric shapes, minimalist, modern, architectural drawing, highly detailed","curved lines, ornate, baroque, abstract, grunge"
Style: Disco,"Disco-themed {prompt} . Vibrant, groovy, retro 70s style, shiny disco balls, neon lights, dance floor, highly detailed","minimalist, rustic, monochrome, contemporary, simplistic"
Style: Dreamscape,"Dreamscape {prompt} . Surreal, ethereal, dreamy, mysterious, fantasy, highly detailed","realistic, concrete, ordinary, mundane"
Style: Dystopian,"Dystopian style {prompt} . Bleak, post-apocalyptic, somber, dramatic, highly detailed","ugly, deformed, noisy, blurry, low contrast, cheerful, optimistic, vibrant, colorful"
Style: Fairy Tale,"Fairy tale {prompt} . Magical, fantastical, enchanting, storybook style, highly detailed","realistic, modern, ordinary, mundane"
Style: Gothic,"Gothic style {prompt} . Dark, mysterious, haunting, dramatic, ornate, detailed","ugly, deformed, noisy, blurry, low contrast, realism, photorealistic, cheerful, optimistic"
Style: Grunge,"Grunge style {prompt} . Textured, distressed, vintage, edgy, punk rock vibe, dirty, noisy","smooth, clean, minimalist, sleek, modern, photorealistic"
Style: Horror,"Horror-themed {prompt} . Eerie, unsettling, dark, spooky, suspenseful, grim, highly detailed","cheerful, bright, vibrant, light-hearted, cute"
Style: Minimalist,"Minimalist style {prompt} . Simple, clean, uncluttered, modern, elegant","ornate, complicated, highly detailed, cluttered, disordered, messy, noisy"
Style: Monochrome,"Monochrome {prompt} . Black and white, contrast, tone, texture, detailed","colorful, vibrant, noisy, blurry, deformed"
Style: Nautical,"Nautical-themed {prompt} . Sea, ocean, ships, maritime, beach, marine life, highly detailed","landlocked, desert, mountains, urban, rustic"
Style: Space,"Space-themed {prompt} . Cosmic, celestial, stars, galaxies, nebulas, planets, science fiction, highly detailed","earthly, mundane, ground-based, realism"
Style: Stained Glass,"Stained glass style {prompt} . Vibrant, beautiful, translucent, intricate, detailed","ugly, deformed, noisy, blurry, low contrast, realism, photorealistic"
Style: Techwear Fashion,"Techwear fashion {prompt} . Futuristic, cyberpunk, urban, tactical, sleek, dark, highly detailed","vintage, rural, colorful, low contrast, realism, sketch, watercolor"
Style: Tribal,"Tribal style {prompt} . Indigenous, ethnic, traditional patterns, bold, natural colors, highly detailed","modern, futuristic, minimalist, pastel"
Style: Zentangle,"Zentangle {prompt} . Intricate, abstract, monochrome, patterns, meditative, highly detailed","colorful, representative, simplistic, large fields of color"
Style: Collage,"Collage style {prompt} . Mixed media, layered, textural, detailed, artistic","ugly, deformed, noisy, blurry, low contrast, realism, photorealistic"
Style: Flat Papercut,"Flat papercut style {prompt} . Silhouette, clean cuts, paper, sharp edges, minimalist, color block","3D, high detail, noise, grainy, blurry, painting, drawing, photo, disfigured"
Style: Kirigami,"Kirigami representation of {prompt} . 3D, paper folding, paper cutting, Japanese, intricate, symmetrical, precision, clean lines","painting, drawing, 2D, noisy, blurry, deformed"
Style: Paper Mache,"Paper mache representation of {prompt} . 3D, sculptural, textured, handmade, vibrant, fun","2D, flat, photo, sketch, digital art, deformed, noisy, blurry"
Style: Paper Quilling,"Paper quilling art of {prompt} . Intricate, delicate, curling, rolling, shaping, coiling, loops, 3D, dimensional, ornamental","photo, painting, drawing, 2D, flat, deformed, noisy, blurry"
Style: Papercut Collage,"Papercut collage of {prompt} . Mixed media, textured paper, overlapping, asymmetrical, abstract, vibrant","photo, 3D, realistic, drawing, painting, high detail, disfigured"
Style: Papercut Shadow Box,"3D papercut shadow box of {prompt} . Layered, dimensional, depth, silhouette, shadow, papercut, handmade, high contrast","painting, drawing, photo, 2D, flat, high detail, blurry, noisy, disfigured"
Style: Stacked Papercut,"Stacked papercut art of {prompt} . 3D, layered, dimensional, depth, precision cut, stacked layers, papercut, high contrast","2D, flat, noisy, blurry, painting, drawing, photo, deformed"
Style: Thick Layered Papercut,"Thick layered papercut art of {prompt} . Deep 3D, volumetric, dimensional, depth, thick paper, high stack, heavy texture, tangible layers","2D, flat, thin paper, low stack, smooth texture, painting, drawing, photo, deformed"
Style: Alien,"Alien-themed {prompt} . Extraterrestrial, cosmic, otherworldly, mysterious, sci-fi, highly detailed","earthly, mundane, common, realistic, simple"
Style: Film Noir,"Film noir style {prompt} . Monochrome, high contrast, dramatic shadows, 1940s style, mysterious, cinematic","ugly, deformed, noisy, blurry, low contrast, realism, photorealistic, vibrant, colorful"
Style: HDR,"HDR photo of {prompt} . High dynamic range, vivid, rich details, clear shadows and highlights, realistic, intense, enhanced contrast, highly detailed","flat, low contrast, oversaturated, underexposed, overexposed, blurred, noisy"
Style: Long Exposure,"Long exposure photo of {prompt} . Blurred motion, streaks of light, surreal, dreamy, ghosting effect, highly detailed","static, noisy, deformed, shaky, abrupt, flat, low contrast"
Style: Neon Noir,"Neon noir {prompt} . Cyberpunk, dark, rainy streets, neon signs, high contrast, low light, vibrant, highly detailed","bright, sunny, daytime, low contrast, black and white, sketch, watercolor"
Style: Silhouette,"Silhouette style {prompt} . High contrast, minimalistic, black and white, stark, dramatic","ugly, deformed, noisy, blurry, low contrast, color, realism, photorealistic"
Style: Tilt-Shift,"Tilt-shift photo of {prompt} . Selective focus, miniature effect, blurred background, highly detailed, vibrant, perspective control","blurry, noisy, deformed, flat, low contrast, unrealistic, oversaturated, underexposed"
>>>>>> SDXL COMFYUI PORT
Style: Enhance,"breathtaking {prompt} . award-winning, professional, highly detailed","ugly, deformed, noisy, blurry, distorted, grainy"
Style: sai-3d-model,"professional 3d model {prompt} . octane render, highly detailed, volumetric, dramatic lighting","ugly, deformed, noisy, low poly, blurry, painting"
Style: sai-analog film,"analog film photo {prompt} . faded film, desaturated, 35mm photo, grainy, vignette, vintage, Kodachrome, Lomography, stained, highly detailed, found footage","painting, drawing, illustration, glitch, deformed, mutated, cross-eyed, ugly, disfigured"
Style: sai-anime,"anime artwork {prompt} . anime style, key visual, vibrant, studio anime,  highly detailed","photo, deformed, black and white, realism, disfigured, low contrast"
Style: sai-cinematic,"cinematic film still {prompt} . shallow depth of field, vignette, highly detailed, high budget, bokeh, cinemascope, moody, epic, gorgeous, film grain, grainy","anime, cartoon, graphic, text, painting, crayon, graphite, abstract, glitch, deformed, mutated, ugly, disfigured"
Style: sai-comic book,"comic {prompt} . graphic illustration, comic art, graphic novel art, vibrant, highly detailed","photograph, deformed, glitch, noisy, realistic, stock photo"
Style: sai-craft clay,"play-doh style {prompt} . sculpture, clay art, centered composition, Claymation","sloppy, messy, grainy, highly detailed, ultra textured, photo"
Style: sai-digital art,"concept art {prompt} . digital artwork, illustrative, painterly, matte painting, highly detailed","photo, photorealistic, realism, ugly"
Style: sai-enhance,"breathtaking {prompt} . award-winning, professional, highly detailed","ugly, deformed, noisy, blurry, distorted, grainy"
Style: sai-fantasy art,"ethereal fantasy concept art of  {prompt} . magnificent, celestial, ethereal, painterly, epic, majestic, magical, fantasy art, cover art, dreamy","photographic, realistic, realism, 35mm film, dslr, cropped, frame, text, deformed, glitch, noise, noisy, off-center, deformed, cross-eyed, closed eyes, bad anatomy, ugly, disfigured, sloppy, duplicate, mutated, black and white"
Style: sai-isometric,"isometric style {prompt} . vibrant, beautiful, crisp, detailed, ultra detailed, intricate","deformed, mutated, ugly, disfigured, blur, blurry, noise, noisy, realistic, photographic"
Style: sai-line art,"line art drawing {prompt} . professional, sleek, modern, minimalist, graphic, line art, vector graphics","anime, photorealistic, 35mm film, deformed, glitch, blurry, noisy, off-center, deformed, cross-eyed, closed eyes, bad anatomy, ugly, disfigured, mutated, realism, realistic, impressionism, expressionism, oil, acrylic"
Style: sai-lowpoly,"low-poly style {prompt} . low-poly game art, polygon mesh, jagged, blocky, wireframe edges, centered composition","noisy, sloppy, messy, grainy, highly detailed, ultra textured, photo"
Style: sai-neonpunk,"neonpunk style {prompt} . cyberpunk, vaporwave, neon, vibes, vibrant, stunningly beautiful, crisp, detailed, sleek, ultramodern, magenta highlights, dark purple shadows, high contrast, cinematic, ultra detailed, intricate, professional","painting, drawing, illustration, glitch, deformed, mutated, cross-eyed, ugly, disfigured"
Style: sai-origami,"origami style {prompt} . paper art, pleated paper, folded, origami art, pleats, cut and fold, centered composition","noisy, sloppy, messy, grainy, highly detailed, ultra textured, photo"
Style: sai-photographic,"cinematic photo {prompt} . 35mm photograph, film, bokeh, professional, 4k, highly detailed","drawing, painting, crayon, sketch, graphite, impressionist, noisy, blurry, soft, deformed, ugly"
Style: sai-pixel art,"pixel-art {prompt} . low-res, blocky, pixel art style, 8-bit graphics","sloppy, messy, blurry, noisy, highly detailed, ultra textured, photo, realistic"
Style: sai-texture,"texture {prompt} top down close-up","ugly, deformed, noisy, blurry"
Style: ads-advertising,"Advertising poster style {prompt} . Professional, modern, product-focused, commercial, eye-catching, highly detailed","noisy, blurry, amateurish, sloppy, unattractive"
Style: ads-automotive,"Automotive advertisement style {prompt} . Sleek, dynamic, professional, commercial, vehicle-focused, high-resolution, highly detailed","noisy, blurry, unattractive, sloppy, unprofessional"
Style: ads-corporate,"Corporate branding style {prompt} . Professional, clean, modern, sleek, minimalist, business-oriented, highly detailed","noisy, blurry, grungy, sloppy, cluttered, disorganized"
Style: ads-fashion editorial,"Fashion editorial style {prompt} . High fashion, trendy, stylish, editorial, magazine style, professional, highly detailed","outdated, blurry, noisy, unattractive, sloppy"
Style: ads-food photography,"Food photography style {prompt} . Appetizing, professional, culinary, high-resolution, commercial, highly detailed","unappetizing, sloppy, unprofessional, noisy, blurry"
Style: ads-luxury,"Luxury product style {prompt} . Elegant, sophisticated, high-end, luxurious, professional, highly detailed","cheap, noisy, blurry, unattractive, amateurish"
Style: ads-real estate,"Real estate photography style {prompt} . Professional, inviting, well-lit, high-resolution, property-focused, commercial, highly detailed","dark, blurry, unappealing, noisy, unprofessional"
Style: ads-retail,"Retail packaging style {prompt} . Vibrant, enticing, commercial, product-focused, eye-catching, professional, highly detailed","noisy, blurry, amateurish, sloppy, unattractive"
Style: artstyle-abstract,"abstract style {prompt} . non-representational, colors and shapes, expression of feelings, imaginative, highly detailed","realistic, photographic, figurative, concrete"
Style: artstyle-abstract expressionism,"abstract expressionist painting {prompt} . energetic brushwork, bold colors, abstract forms, expressive, emotional","realistic, photorealistic, low contrast, plain, simple, monochrome"
Style: artstyle-art deco,"Art Deco style {prompt} . geometric shapes, bold colors, luxurious, elegant, decorative, symmetrical, ornate, detailed","ugly, deformed, noisy, blurry, low contrast, realism, photorealistic, modernist, minimalist"
Style: artstyle-art nouveau,"Art Nouveau style {prompt} . elegant, decorative, curvilinear forms, nature-inspired, ornate, detailed","ugly, deformed, noisy, blurry, low contrast, realism, photorealistic, modernist, minimalist"
Style: artstyle-constructivist,"constructivist style {prompt} . geometric shapes, bold colors, dynamic composition, propaganda art style","realistic, photorealistic, low contrast, plain, simple, abstract expressionism"
Style: artstyle-cubist,"cubist artwork {prompt} . geometric shapes, abstract, innovative, revolutionary","anime, photorealistic, 35mm film, deformed, glitch, low contrast, noisy"
Style: artstyle-expressionist,"expressionist {prompt} . raw, emotional, dynamic, distortion for emotional effect, vibrant, use of unusual colors, detailed","realism, symmetry, quiet, calm, photo"
Style: artstyle-graffiti,"graffiti style {prompt} . street art, vibrant, urban, detailed, tag, mural","ugly, deformed, noisy, blurry, low contrast, realism, photorealistic"
Style: artstyle-hyperrealism,"hyperrealistic art {prompt} . extremely high-resolution details, photographic, realism pushed to extreme, fine texture, incredibly lifelike","simplified, abstract, unrealistic, impressionistic, low resolution"
Style: artstyle-impressionist,"impressionist painting {prompt} . loose brushwork, vibrant color, light and shadow play, captures feeling over form","anime, photorealistic, 35mm film, deformed, glitch, low contrast, noisy"
Style: artstyle-pointillism,"pointillism style {prompt} . composed entirely of small, distinct dots of color, vibrant, highly detailed","line drawing, smooth shading, large color fields, simplistic"
Style: artstyle-pop art,"Pop Art style {prompt} . bright colors, bold outlines, popular culture themes, ironic or kitsch","ugly, deformed, noisy, blurry, low contrast, realism, photorealistic, minimalist"
Style: artstyle-psychedelic,"psychedelic style {prompt} . vibrant colors, swirling patterns, abstract forms, surreal, trippy","monochrome, black and white, low contrast, realistic, photorealistic, plain, simple"
Style: artstyle-renaissance,"Renaissance style {prompt} . realistic, perspective, light and shadow, religious or mythological themes, highly detailed","ugly, deformed, noisy, blurry, low contrast, modernist, minimalist, abstract"
Style: artstyle-steampunk,"steampunk style {prompt} . antique, mechanical, brass and copper tones, gears, intricate, detailed","deformed, glitch, noisy, low contrast, anime, photorealistic"
Style: artstyle-surrealist,"surrealist art {prompt} . dreamlike, mysterious, provocative, symbolic, intricate, detailed","anime, photorealistic, realistic, deformed, glitch, noisy, low contrast"
Style: artstyle-typography,"typographic art {prompt} . stylized, intricate, detailed, artistic, text-based","ugly, deformed, noisy, blurry, low contrast, realism, photorealistic"
Style: artstyle-watercolor,"watercolor painting {prompt} . vibrant, beautiful, painterly, detailed, textural, artistic","anime, photorealistic, 35mm film, deformed, glitch, low contrast, noisy"
Style: futuristic-biomechanical,"biomechanical style {prompt} . blend of organic and mechanical elements, futuristic, cybernetic, detailed, intricate","natural, rustic, primitive, organic, simplistic"
Style: futuristic-biomechanical cyberpunk,"biomechanical cyberpunk {prompt} . cybernetics, human-machine fusion, dystopian, organic meets artificial, dark, intricate, highly detailed","natural, colorful, deformed, sketch, low contrast, watercolor"
Style: futuristic-cybernetic,"cybernetic style {prompt} . futuristic, technological, cybernetic enhancements, robotics, artificial intelligence themes","ugly, deformed, noisy, blurry, low contrast, realism, photorealistic, historical, medieval"
Style: futuristic-cybernetic robot,"cybernetic robot {prompt} . android, AI, machine, metal, wires, tech, futuristic, highly detailed","organic, natural, human, sketch, watercolor, low contrast"
Style: futuristic-cyberpunk cityscape,"cyberpunk cityscape {prompt} . neon lights, dark alleys, skyscrapers, futuristic, vibrant colors, high contrast, highly detailed","natural, rural, deformed, low contrast, black and white, sketch, watercolor"
Style: futuristic-futuristic,"futuristic style {prompt} . sleek, modern, ultramodern, high tech, detailed","ugly, deformed, noisy, blurry, low contrast, realism, photorealistic, vintage, antique"
Style: futuristic-retro cyberpunk,"retro cyberpunk {prompt} . 80's inspired, synthwave, neon, vibrant, detailed, retro futurism","modern, desaturated, black and white, realism, low contrast"
Style: futuristic-retro futurism,"retro-futuristic {prompt} . vintage sci-fi, 50s and 60s style, atomic age, vibrant, highly detailed","contemporary, realistic, rustic, primitive"
Style: futuristic-sci-fi,"sci-fi style {prompt} . futuristic, technological, alien worlds, space themes, advanced civilizations","ugly, deformed, noisy, blurry, low contrast, realism, photorealistic, historical, medieval"
Style: futuristic-vaporwave,"vaporwave style {prompt} . retro aesthetic, cyberpunk, vibrant, neon colors, vintage 80s and 90s style, highly detailed","monochrome, muted colors, realism, rustic, minimalist, dark"
Style: game-bubble bobble,"Bubble Bobble style {prompt} . 8-bit, cute, pixelated, fantasy, vibrant, reminiscent of Bubble Bobble game","realistic, modern, photorealistic, violent, horror"
Style: game-cyberpunk game,"cyberpunk game style {prompt} . neon, dystopian, futuristic, digital, vibrant, detailed, high contrast, reminiscent of cyberpunk genre video games","historical, natural, rustic, low detailed"
Style: game-fighting game,"fighting game style {prompt} . dynamic, vibrant, action-packed, detailed character design, reminiscent of fighting video games","peaceful, calm, minimalist, photorealistic"
Style: game-gta,"GTA-style artwork {prompt} . satirical, exaggerated, pop art style, vibrant colors, iconic characters, action-packed","realistic, black and white, low contrast, impressionist, cubist, noisy, blurry, deformed"
Style: game-mario,"Super Mario style {prompt} . vibrant, cute, cartoony, fantasy, playful, reminiscent of Super Mario series","realistic, modern, horror, dystopian, violent"
Style: game-minecraft,"Minecraft style {prompt} . blocky, pixelated, vibrant colors, recognizable characters and objects, game assets","smooth, realistic, detailed, photorealistic, noise, blurry, deformed"
Style: game-pokemon,"Pokémon style {prompt} . vibrant, cute, anime, fantasy, reminiscent of Pokémon series","realistic, modern, horror, dystopian, violent"
Style: game-retro arcade,"retro arcade style {prompt} . 8-bit, pixelated, vibrant, classic video game, old school gaming, reminiscent of 80s and 90s arcade games","modern, ultra-high resolution, photorealistic, 3D"
Style: game-retro game,"retro game art {prompt} . 16-bit, vibrant colors, pixelated, nostalgic, charming, fun","realistic, photorealistic, 35mm film, deformed, glitch, low contrast, noisy"
Style: game-rpg fantasy game,"role-playing game (RPG) style fantasy {prompt} . detailed, vibrant, immersive, reminiscent of high fantasy RPG games","sci-fi, modern, urban, futuristic, low detailed"
Style: game-strategy game,"strategy game style {prompt} . overhead view, detailed map, units, reminiscent of real-time strategy video games","first-person view, modern, photorealistic"
Style: game-streetfighter,"Street Fighter style {prompt} . vibrant, dynamic, arcade, 2D fighting game, highly detailed, reminiscent of Street Fighter series","3D, realistic, modern, photorealistic, turn-based strategy"
Style: game-zelda,"Legend of Zelda style {prompt} . vibrant, fantasy, detailed, epic, heroic, reminiscent of The Legend of Zelda series","sci-fi, modern, realistic, horror"
Style: misc-architectural,"architectural style {prompt} . clean lines, geometric shapes, minimalist, modern, architectural drawing, highly detailed","curved lines, ornate, baroque, abstract, grunge"
Style: misc-disco,"disco-themed {prompt} . vibrant, groovy, retro 70s style, shiny disco balls, neon lights, dance floor, highly detailed","minimalist, rustic, monochrome, contemporary, simplistic"
Style: misc-dreamscape,"dreamscape {prompt} . surreal, ethereal, dreamy, mysterious, fantasy, highly detailed","realistic, concrete, ordinary, mundane"
Style: misc-dystopian,"dystopian style {prompt} . bleak, post-apocalyptic, somber, dramatic, highly detailed","ugly, deformed, noisy, blurry, low contrast, cheerful, optimistic, vibrant, colorful"
Style: misc-fairy tale,"fairy tale {prompt} . magical, fantastical, enchanting, storybook style, highly detailed","realistic, modern, ordinary, mundane"
Style: misc-gothic,"gothic style {prompt} . dark, mysterious, haunting, dramatic, ornate, detailed","ugly, deformed, noisy, blurry, low contrast, realism, photorealistic, cheerful, optimistic"
Style: misc-grunge,"grunge style {prompt} . textured, distressed, vintage, edgy, punk rock vibe, dirty, noisy","smooth, clean, minimalist, sleek, modern, photorealistic"
Style: misc-horror,"horror-themed {prompt} . eerie, unsettling, dark, spooky, suspenseful, grim, highly detailed","cheerful, bright, vibrant, light-hearted, cute"
Style: misc-kawaii,"kawaii style {prompt} . cute, adorable, brightly colored, cheerful, anime influence, highly detailed","dark, scary, realistic, monochrome, abstract"
Style: misc-lovecraftian,"lovecraftian horror {prompt} . eldritch, cosmic horror, unknown, mysterious, surreal, highly detailed","light-hearted, mundane, familiar, simplistic, realistic"
Style: misc-macabre,"macabre style {prompt} . dark, gothic, grim, haunting, highly detailed","bright, cheerful, light-hearted, cartoonish, cute"
Style: misc-manga,"manga style {prompt} . vibrant, high-energy, detailed, iconic, Japanese comic style","ugly, deformed, noisy, blurry, low contrast, realism, photorealistic, Western comic style"
Style: misc-metropolis,"metropolis-themed {prompt} . urban, cityscape, skyscrapers, modern, futuristic, highly detailed","rural, natural, rustic, historical, simple"
Style: misc-minimalist,"minimalist style {prompt} . simple, clean, uncluttered, modern, elegant","ornate, complicated, highly detailed, cluttered, disordered, messy, noisy"
Style: misc-monochrome,"monochrome {prompt} . black and white, contrast, tone, texture, detailed","colorful, vibrant, noisy, blurry, deformed"
Style: misc-nautical,"nautical-themed {prompt} . sea, ocean, ships, maritime, beach, marine life, highly detailed","landlocked, desert, mountains, urban, rustic"
Style: misc-space,"space-themed {prompt} . cosmic, celestial, stars, galaxies, nebulas, planets, science fiction, highly detailed","earthly, mundane, ground-based, realism"
Style: misc-stained glass,"stained glass style {prompt} . vibrant, beautiful, translucent, intricate, detailed","ugly, deformed, noisy, blurry, low contrast, realism, photorealistic"
Style: misc-techwear fashion,"techwear fashion {prompt} . futuristic, cyberpunk, urban, tactical, sleek, dark, highly detailed","vintage, rural, colorful, low contrast, realism, sketch, watercolor"
Style: misc-tribal,"tribal style {prompt} . indigenous, ethnic, traditional patterns, bold, natural colors, highly detailed","modern, futuristic, minimalist, pastel"
Style: misc-zentangle,"zentangle {prompt} . intricate, abstract, monochrome, patterns, meditative, highly detailed","colorful, representative, simplistic, large fields of color"
Style: papercraft-collage,"collage style {prompt} . mixed media, layered, textural, detailed, artistic","ugly, deformed, noisy, blurry, low contrast, realism, photorealistic"
Style: papercraft-flat papercut,"flat papercut style {prompt} . silhouette, clean cuts, paper, sharp edges, minimalist, color block","3D, high detail, noise, grainy, blurry, painting, drawing, photo, disfigured"
Style: papercraft-kirigami,"kirigami representation of {prompt} . 3D, paper folding, paper cutting, Japanese, intricate, symmetrical, precision, clean lines","painting, drawing, 2D, noisy, blurry, deformed"
Style: papercraft-paper mache,"paper mache representation of {prompt} . 3D, sculptural, textured, handmade, vibrant, fun","2D, flat, photo, sketch, digital art, deformed, noisy, blurry"
Style: papercraft-paper quilling,"paper quilling art of {prompt} . intricate, delicate, curling, rolling, shaping, coiling, loops, 3D, dimensional, ornamental","photo, painting, drawing, 2D, flat, deformed, noisy, blurry"
Style: papercraft-papercut collage,"papercut collage of {prompt} . mixed media, textured paper, overlapping, asymmetrical, abstract, vibrant","photo, 3D, realistic, drawing, painting, high detail, disfigured"
Style: papercraft-papercut shadow box,"3D papercut shadow box of {prompt} . layered, dimensional, depth, silhouette, shadow, papercut, handmade, high contrast","painting, drawing, photo, 2D, flat, high detail, blurry, noisy, disfigured"
Style: papercraft-stacked papercut,"stacked papercut art of {prompt} . 3D, layered, dimensional, depth, precision cut, stacked layers, papercut, high contrast","2D, flat, noisy, blurry, painting, drawing, photo, deformed"
Style: papercraft-thick layered papercut,"thick layered papercut art of {prompt} . deep 3D, volumetric, dimensional, depth, thick paper, high stack, heavy texture, tangible layers","2D, flat, thin paper, low stack, smooth texture, painting, drawing, photo, deformed"
Style: photo-alien,"alien-themed {prompt} . extraterrestrial, cosmic, otherworldly, mysterious, sci-fi, highly detailed","earthly, mundane, common, realistic, simple"
Style: photo-film noir,"film noir style {prompt} . monochrome, high contrast, dramatic shadows, 1940s style, mysterious, cinematic","ugly, deformed, noisy, blurry, low contrast, realism, photorealistic, vibrant, colorful"
Style: photo-hdr,"HDR photo of {prompt} . High dynamic range, vivid, rich details, clear shadows and highlights, realistic, intense, enhanced contrast, highly detailed","flat, low contrast, oversaturated, underexposed, overexposed, blurred, noisy"
Style: photo-long exposure,"long exposure photo of {prompt} . Blurred motion, streaks of light, surreal, dreamy, ghosting effect, highly detailed","static, noisy, deformed, shaky, abrupt, flat, low contrast"
Style: photo-neon noir,"neon noir {prompt} . cyberpunk, dark, rainy streets, neon signs, high contrast, low light, vibrant, highly detailed","bright, sunny, daytime, low contrast, black and white, sketch, watercolor"
Style: photo-silhouette,"silhouette style {prompt} . high contrast, minimalistic, black and white, stark, dramatic","ugly, deformed, noisy, blurry, low contrast, color, realism, photorealistic"
Style: photo-tilt-shift,"tilt-shift photo of {prompt} . Selective focus, miniature effect, blurred background, highly detailed, vibrant, perspective control","blurry, noisy, deformed, flat, low contrast, unrealistic, oversaturated, underexposed"
>>>>> SDXL DIVA Styles
cinematic-diva,"UHD, 8K, ultra detailed, a cinematic photograph of {prompt}, beautiful lighting, great composition","ugly, deformed, noisy, blurry, NSFW"
Style: Abstract Expressionism,"Abstract Expressionism Art, {prompt}, High contrast, minimalistic, colorful, stark, dramatic, expressionism","ugly, deformed, noisy, blurry, low contrast, realism, photorealistic"
Style: Academia,"Academia, {prompt}, preppy Ivy League style, stark, dramatic, chic boarding school, academia","ugly, deformed, noisy, blurry, low contrast, grunge, sloppy, unkempt"
Style: Action Figure,"Action Figure, {prompt}, plastic collectable action figure, collectable toy action figure","ugly, deformed, noisy, blurry, low contrast"
Style: Adorable 3D Character,"Adorable 3D Character, {prompt}, 3D render, adorable character, 3D art","ugly, deformed, noisy, blurry, low contrast, grunge, sloppy, unkempt, photograph, photo, realistic"
Style: Adorable Kawaii,"Adorable Kawaii, {prompt}, pretty, cute, adorable, kawaii","ugly, deformed, noisy, blurry, low contrast, gothic, dark, moody, monochromatic"
Style: Art Deco,"Art Deco, {prompt}, sleek, geometric forms, art deco style","ugly, deformed, noisy, blurry, low contrast"
Style: Art Nouveau,"Art Nouveau, beautiful art, {prompt}, sleek, organic forms, long, sinuous, art nouveau style","ugly, deformed, noisy, blurry, low contrast, industrial, mechanical"
Style: Astral Aura,"Astral Aura, {prompt}, astral, colorful aura, vibrant energy","ugly, deformed, noisy, blurry, low contrast"
Style: Avant-garde,"Avant-garde, {prompt}, unusual, experimental, avant-garde art","ugly, deformed, noisy, blurry, low contrast"
Style: Baroque,"Baroque, {prompt}, dramatic, exuberant, grandeur, baroque art","ugly, deformed, noisy, blurry, low contrast"
Style: Bauhaus-Style Poster,"Bauhaus-Style Poster, {prompt}, simple geometric shapes, clean lines, primary colors, Bauhaus-Style Poster","ugly, deformed, noisy, blurry, low contrast"
Style: Blueprint Schematic Drawing,"Blueprint Schematic Drawing, {prompt}, technical drawing, blueprint, schematic","ugly, deformed, noisy, blurry, low contrast"
Style: Caricature,"Caricature, {prompt}, exaggerated, comical, caricature","ugly, deformed, noisy, blurry, low contrast, realistic"
Style: Cel Shaded Art,"Cel Shaded Art, {prompt}, 2D, flat color, toon shading, cel shaded style","ugly, deformed, noisy, blurry, low contrast"
Style: Character Design Sheet,"Character Design Sheet, {prompt}, character reference sheet, character turn around","ugly, deformed, noisy, blurry, low contrast"
Style: Classicism Art,"Classicism Art, {prompt}, inspired by Roman and Greek culture, clarity, harmonious, classicism art","ugly, deformed, noisy, blurry, low contrast"
Style: Color Field Painting,"Color Field Painting, {prompt}, abstract, simple, geometic, color field painting style","ugly, deformed, noisy, blurry, low contrast"
Style: Colored Pencil Art,"Colored Pencil Art, {prompt}, colored pencil strokes, light color, visible paper texture, colored pencil art","ugly, deformed, noisy, blurry, low contrast"
Style: Conceptual Art,"Conceptual Art, {prompt}, concept art","ugly, deformed, noisy, blurry, low contrast"
Style: Constructivism,"Constructivism Art, {prompt}, minimalistic, geometric forms, constructivism art","ugly, deformed, noisy, blurry, low contrast"
Style: Cubism,"Cubism Art, {prompt}, flat geometric forms, cubism art","ugly, deformed, noisy, blurry, low contrast"
Style: Dadaism,"Dadaism Art, {prompt}, satirical, nonsensical, dadaism art","ugly, deformed, noisy, blurry, low contrast"
Style: Dark Fantasy,"Dark Fantasy Art, {prompt}, dark, moody, dark fantasy style","ugly, deformed, noisy, blurry, low contrast, bright, sunny"
Style: Dark Moody Atmosphere,"Dark Moody Atmosphere, {prompt}, dramatic, mysterious, dark moody atmosphere","ugly, deformed, noisy, blurry, low contrast, vibrant, colorful, bright"
Style: DMT Art Style,"DMT Art Style, {prompt}, bright colors, surreal visuals, swirling patterns, DMT art style","ugly, deformed, noisy, blurry, low contrast"
Style: Doodle Art,"Doodle Art Style, {prompt}, drawing, freeform, swirling patterns, doodle art style","ugly, deformed, noisy, blurry, low contrast"
Style: Double Exposure,"Double Exposure Style, {prompt}, double image ghost effect, image combination, double exposure style","ugly, deformed, noisy, blurry, low contrast"
Style: Dripping Paint Splatter Art,"Dripping Paint Splatter Art, {prompt}, dramatic, paint drips, splatters, dripping paint","ugly, deformed, noisy, blurry, low contrast"
Style: Expressionism,"Expressionism Art Style, {prompt}, movement, contrast, emotional, exaggerated forms, expressionism art style","ugly, deformed, noisy, blurry, low contrast"
Style: Faded Polaroid Photo,"Faded Polaroid Photo, {prompt}, analog, old faded photo, old polaroid","ugly, deformed, noisy, blurry, low contrast, vibrant, colorful"
Style: Fauvism,"Fauvism Art, {prompt}, painterly, bold colors, textured brushwork, fauvism art","ugly, deformed, noisy, blurry, low contrast"
Style: Flat 2D Art,"Flat 2D Art, {prompt}, simple flat color, 2-dimensional, Flat 2D Art Style","ugly, deformed, noisy, blurry, low contrast, 3D, photo, realistic"
Style: Fortnite Art Style,"Fortnite Art Style, {prompt}, 3D cartoon, colorful, Fortnite Art Style","ugly, deformed, noisy, blurry, low contrast, photo, realistic"
Style: Futurism,"Futurism Art Style, {prompt}, dynamic, dramatic, Futurism Art Style","ugly, deformed, noisy, blurry, low contrast"
Style: Glitchcore,"Glitchcore Art Style, {prompt}, dynamic, dramatic, distorted, vibrant colors, glitchcore art style","ugly, deformed, noisy, blurry, low contrast"
Style: Glo-fi,"Glo-fi Art Style, {prompt}, dynamic, dramatic, vibrant colors, glo-fi art style","ugly, deformed, noisy, blurry, low contrast"
Style: Googie Art Style,"Googie Art Style, {prompt}, dynamic, dramatic, 1950's futurism, bold boomerang angles, Googie art style","ugly, deformed, noisy, blurry, low contrast"
Style: Graffiti Art,"Graffiti Art Style, {prompt}, dynamic, dramatic, vibrant colors, graffiti art style","ugly, deformed, noisy, blurry, low contrast"
Style: Harlem Renaissance Art,"Harlem Renaissance Art Style, {prompt}, dynamic, dramatic, 1920s African American culture, Harlem Renaissance art style","ugly, deformed, noisy, blurry, low contrast"
Style: High Fashion,"High Fashion, {prompt}, dynamic, dramatic, haute couture, elegant, ornate clothing, High Fashion","ugly, deformed, noisy, blurry, low contrast"
Style: Idyllic,"Idyllic, {prompt}, peaceful, happy, pleasant, happy, harmonious, picturesque, charming","ugly, deformed, noisy, blurry, low contrast"
Style: Impressionism,"Impressionism, {prompt}, painterly, small brushstrokes, visible brushstrokes, impressionistic style","ugly, deformed, noisy, blurry, low contrast"
Style: Infographic Drawing,"Infographic Drawing, {prompt}, diagram, infographic","ugly, deformed, noisy, blurry, low contrast"
Style: Ink Dripping Drawing,"Ink Dripping Drawing, {prompt}, ink drawing, dripping ink","ugly, deformed, noisy, blurry, low contrast, colorful, vibrant"
Style: Japanese Ink Drawing,"Japanese Ink Drawing, {prompt}, ink drawing, inkwash, Japanese Ink Drawing","ugly, deformed, noisy, blurry, low contrast, colorful, vibrant"
Style: Knolling Photography,"Knolling Photography, {prompt}, flat lay photography, object arrangment, knolling photography","ugly, deformed, noisy, blurry, low contrast"
Style: Light Cheery Atmosphere,"Light Cheery Atmosphere, {prompt}, happy, joyful, cheerful, carefree, gleeful, lighthearted, pleasant atmosphere","ugly, deformed, noisy, blurry, low contrast, monochromatic, dark, moody"
Style: Logo Design,"Logo Design, {prompt}, dynamic graphic art, vector art, minimalist, professional logo design","ugly, deformed, noisy, blurry, low contrast"
Style: Luxurious Elegance,"Luxurious Elegance, {prompt}, extravagant, ornate, designer, opulent, picturesque, lavish","ugly, deformed, noisy, blurry, low contrast"
Style: Macro Photography,"Macro Photography, {prompt}, close-up, macro 100mm, macro photography","ugly, deformed, noisy, blurry, low contrast"
Style: Mandola Art,"Mandola art style, {prompt}, complex, circular design, mandola","ugly, deformed, noisy, blurry, low contrast"
Style: Marker Drawing,"Marker Drawing, {prompt}, bold marker lines, visibile paper texture, marker drawing","ugly, deformed, noisy, blurry, low contrast, photograph, realistic"
Style: Medievalism,"Medievalism, {prompt}, inspired by The Middle Ages, medieval art, elaborate patterns and decoration, Medievalism","ugly, deformed, noisy, blurry, low contrast"
Style: Minimalism,"Minimalism, {prompt}, abstract, simple geometic shapes, hard edges, sleek contours, Minimalism","ugly, deformed, noisy, blurry, low contrast"
Style: Neo-Baroque,"Neo-Baroque, {prompt}, ornate and elaborate, dynaimc, Neo-Baroque","ugly, deformed, noisy, blurry, low contrast"
Style: Neo-Byzantine,"Neo-Byzantine, {prompt}, grand decorative religious style, Orthodox Christian inspired, Neo-Byzantine","ugly, deformed, noisy, blurry, low contrast"
Style: Neo-Futurism,"Neo-Futurism, {prompt}, high-tech, curves, spirals, flowing lines, idealistic future, Neo-Futurism","ugly, deformed, noisy, blurry, low contrast"
Style: Neo-Impressionism,"Neo-Impressionism, {prompt}, tiny dabs of color, Pointillism, painterly, Neo-Impressionism","ugly, deformed, noisy, blurry, low contrast, photograph, realistic"
Style: Neo-Rococo,"Neo-Rococo, {prompt}, curved forms, naturalistic ornamentation, elaborate, decorative, gaudy, Neo-Rococo","ugly, deformed, noisy, blurry, low contrast"
Style: Neoclassicism,"Neoclassicism, {prompt}, ancient Rome and Greece inspired, idealic, sober colors, Neoclassicism","ugly, deformed, noisy, blurry, low contrast"
Style: Op Art,"Op Art, {prompt}, optical illusion, abstract, geometric pattern, impression of movement, Op Art","ugly, deformed, noisy, blurry, low contrast"
Style: Ornate and Intricate,"Ornate and Intricate, {prompt}, decorative, highly detailed, elaborate, ornate, intricate","ugly, deformed, noisy, blurry, low contrast"
Style: Pencil Sketch Drawing,"Pencil Sketch Drawing, {prompt}, black and white drawing, graphite drawing","ugly, deformed, noisy, blurry, low contrast"
Style: Pop Art 2,"Pop Art, {prompt}, vivid colors, flat color, 2D, strong lines, Pop Art","ugly, deformed, noisy, blurry, low contrast, photo, realistic"
Style: Rococo,"Rococo, {prompt}, flamboyant, pastel colors, curved lines, elaborate detail, Rococo","ugly, deformed, noisy, blurry, low contrast"
Style: Silhouette Art,"Silhouette Art, {prompt}, high contrast, well defined, Silhouette Art","ugly, deformed, noisy, blurry, low contrast"
Style: Simple Vector Art,"Simple Vector Art, {prompt}, 2D flat, simple shapes, minimalistic, professional graphic, flat color, high contrast, Simple Vector Art","ugly, deformed, noisy, blurry, low contrast, 3D, photo, realistic"
Style: Sketchup,"Sketchup, {prompt}, CAD, professional design, Sketchup","ugly, deformed, noisy, blurry, low contrast, photo, photograph"
Style: Steampunk 2,"Steampunk, {prompt}, retrofuturistic science fantasy, steam-powered tech, vintage industry, gears, neo-victorian, steampunk","ugly, deformed, noisy, blurry, low contrast"
Style: Surrealism,"Surrealism, {prompt}, expressive, dramatic, organic lines and forms, dreamlike and mysterious, Surrealism","ugly, deformed, noisy, blurry, low contrast, realistic"
Style: Suprematism,"Suprematism, {prompt}, abstract, limited color palette, geometric forms, Suprematism","ugly, deformed, noisy, blurry, low contrast, realistic"
Style: Terragen,"Terragen, {prompt}, beautiful massive landscape, epic scenery, Terragen","ugly, deformed, noisy, blurry, low contrast"
Style: Tranquil Relaxing Atmosphere,"Tranquil Relaxing Atmosphere, {prompt}, calming style, soothing colors, peaceful, idealic, Tranquil Relaxing Atmosphere","ugly, deformed, noisy, blurry, low contrast, oversaturated"
Style: Sticker Designs,"Vector Art Stickers, {prompt}, professional vector design, sticker designs, Sticker Sheet","ugly, deformed, noisy, blurry, low contrast"
Style: Vibrant Rim Light,"Vibrant Rim Light, {prompt}, bright rim light, high contrast, bold edge light","ugly, deformed, noisy, blurry, low contrast"
Style: Volumetric Lighting,"Volumetric Lighting, {prompt}, light depth, dramatic atmospheric lighting, Volumetric Lighting","ugly, deformed, noisy, blurry, low contrast"
Style: Watercolor 2,"Watercolor style painting, {prompt}, visible paper texture, colorwash, watercolor","ugly, deformed, noisy, blurry, low contrast, photo, realistic"
Style: Whimsical and Playful,"Whimsical and Playful, {prompt}, imaginative, fantastical, bight colors, stylized, happy, Whimsical and Playful","ugly, deformed, noisy, blurry, low contrast, drab, boring, moody"
>>>>>>SDXL MRE Styles
Style: mre-cinematic-dynamic,"epic cinematic shot of dynamic {prompt} in motion. main subject of high budget action movie. raw photo, motion blur. best quality, high resolution","static, still, motionless, sluggish. drawing, painting, illustration, rendered. low budget. low quality, low resolution"
Style: mre-spontaneous-picture,"spontaneous picture of {prompt}, taken by talented amateur. best quality, high resolution. magical moment, natural look. simple but good looking","overthinked. low quality, low resolution"
Style: mre-artistic-vision,"powerful artistic vision of {prompt}. breathtaking masterpiece made by great artist. best quality, high resolution","insignificant, flawed, made by bad artist. low quality, low resolution"
Style: mre-dark-dream,"dark and unsettling dream showing {prompt}. best quality, high resolution. created by genius but depressed mad artist. grim beauty","naive, cheerful. comfortable, casual, boring, cliche. low quality, low resolution"
Style: mre-gloomy-art,"astonishing gloomy art made mainly of shadows and lighting, forming {prompt}. masterful usage of lighting, shadows and chiaroscuro. made by black-hearted artist, drawing from darkness. best quality, high resolution","low quality, low resolution"
Style: mre-bad-dream,"picture from really bad dream about terrifying {prompt}, true horror. bone-chilling vision. mad world that shouldn't exist. best quality, high resolution","nice dream, pleasant experience. low quality, low resolution"
Style: mre-underground,"uncanny caliginous vision of {prompt}, created by remarkable underground artist. best quality, high resolution. raw and brutal art, careless but impressive style. inspired by darkness and chaos","photography, mainstream, civilized. low quality, low resolution"
Style: mre-surreal-painting,"surreal painting representing strange vision of {prompt}. harmonious madness, synergy with chance. unique artstyle, mindbending art, magical surrealism. best quality, high resolution","photography, illustration, drawing. realistic, possible. logical, sane. low quality, low resolution"
Style: mre-dynamic-illustration,"insanely dynamic illustration of {prompt}. best quality, high resolution. crazy artstyle, careless brushstrokes, emotional and fun","photography, realistic. static, still, slow, boring. low quality, low resolution"
Style: mre-undead-art,"long forgotten art created by undead artist illustrating {prompt}, tribute to the death and decay. miserable art of the damned. wretched and decaying world. best quality, high resolution","alive, playful, living. low quality, low resolution"
Style: mre-elemental-art,"art illustrating insane amounts of raging elemental energy turning into {prompt}, avatar of elements. magical surrealism, wizardry. best quality, high resolution","photography, realistic, real. low quality, low resolution"
Style: mre-space-art,"winner of inter-galactic art contest illustrating {prompt}, symbol of the interstellar singularity. best quality, high resolution. artstyle previously unseen in the whole galaxy","created by human race, low quality, low resolution"
Style: mre-ancient-illustration,"sublime ancient illustration of {prompt}, predating human civilization. crude and simple, but also surprisingly beautiful artwork, made by genius primeval artist. best quality, high resolution","low quality, low resolution"
Style: mre-brave-art,"brave, shocking, and brutally true art showing {prompt}. inspired by courage and unlimited creativity. truth found in chaos. best quality, high resolution","low quality, low resolution"
Style: mre-heroic-fantasy,"heroic fantasy painting of {prompt}, in the dangerous fantasy world. airbrush over oil on canvas. best quality, high resolution","low quality, low resolution"
Style: mre-dark-cyberpunk,"dark cyberpunk illustration of brutal {prompt} in a world without hope, ruled by ruthless criminal corporations. best quality, high resolution","low quality, low resolution"
Style: mre-lyrical-geometry,"geometric and lyrical abstraction painting presenting {prompt}. oil on metal. best quality, high resolution","photography, realistic, drawing, rendered. low quality, low resolution"
Style: mre-sumi-e-symbolic,"big long brushstrokes of deep black sumi-e turning into symbolic painting of {prompt}. master level raw art. best quality, high resolution","photography, rendered. low quality, low resolution"
Style: mre-sumi-e-detailed,"highly detailed black sumi-e painting of {prompt}. in-depth study of perfection, created by a master. best quality, high resolution","low quality, low resolution"
Style: mre-manga,"manga artwork presenting {prompt}. created by japanese manga artist. highly emotional. best quality, high resolution","low quality, low resolution"
Style: mre-anime,"anime artwork illustrating {prompt}. created by japanese anime studio. highly emotional. best quality, high resolution","low quality, low resolution"
Style: mre-comic,"breathtaking illustration from adult comic book presenting {prompt}. fabulous artwork. best quality, high resolution","deformed, ugly, low quality, low resolution"